<?xml version="1.0" encoding="UTF-8" ?>

<!DOCTYPE sqlMapConfig      
    PUBLIC "-//ibatis.apache.org//DTD SQL Map Config 2.0//EN"      
    "http://ibatis.apache.org/dtd/sql-map-config-2.dtd">

<sqlMapConfig>
	<properties resource="jdbc.properties" />

	<settings useStatementNamespaces="true" enhancementEnabled="true"
		errorTracingEnabled="true" lazyLoadingEnabled="false" />

	<transactionManager type="JDBC">
		<dataSource type="C3P0">
			<property name="driver" value="${oracle.driver}" />
			<property name="url" value="${db.jdbc.url}" />
			<property name="username" value="${db.jdbc.username}" />
			<property name="password" value="${db.jdbc.password}" />
			<property name="initialPoolSize" value="${db.jdbc.initialPoolSize}" />
			<property name="minPoolSize" value="${db.jdbc.minPoolSize}" />
			<property name="maxPoolSize" value="${db.jdbc.maxPoolSize}" />
			<property name="maxIdleTime" value="${db.jdbc.maxIdleTime}" />
			<property name="checkoutTimeout" value="${db.jdbc.checkoutTimeout}" />
		</dataSource>
	</transactionManager>

	<sqlMap resource="com/jingCaiBack/dao/ActivityDAO.xml" />
	<sqlMap resource="com/jingCaiBack/dao/UserLoginDAO.xml" />
	<sqlMap resource="com/jingCaiBack/dao/UserAccountDAO.xml" />
	<sqlMap resource="com/jingCaiBack/dao/AccountTradeDAO.xml" />
	<sqlMap resource="com/jingCaiBack/dao/UserRateDAO.xml" />
	<sqlMap resource="com/jingCaiBack/dao/UserRelationDAO.xml" />
	<sqlMap resource="com/jingCaiBack/dao/MarketAccountDAO.xml" />
	<sqlMap resource="com/jingCaiBack/dao/HmfaDAO.xml" />
	<sqlMap resource="com/jingCaiBack/dao/ChipinTempDAO.xml" />
	<sqlMap resource="com/jingCaiBack/dao/AgainstDAO.xml" />
	<sqlMap resource="com/jingCaiBack/dao/Lan_qiuAgainstDAO.xml" />
	<sqlMap resource="com/jingCaiBack/dao/UserInfoDAO.xml" />
	<sqlMap resource="com/jingCaiBack/dao/CoreDAO.xml" />

</sqlMapConfig>