<?xml version="1.0" encoding="UTF-8" ?>

<!DOCTYPE sqlMap PUBLIC "-//ibatis.apache.org//DTD SQL Map 2.0//EN" "http://ibatis.apache.org/dtd/sql-map-2.dtd">

<sqlMap namespace="AccountTradeDAO">
	<typeAlias alias="hashMap" type="java.util.HashMap" />
	<typeAlias alias="accountTrade"
		type="com.jingCaiBack.model.AccountTrade" />

	<insert id="insert" parameterClass="accountTrade">
		<selectKey resultClass="integer" keyProperty="tradeId">
			SELECT account_trade_seq.nextval FROM dual
		</selectKey>
		INSERT INTO accountTrade (tradeId,serialNo,fromSerialNo,userId,tradeType,tradeTime,inCome,payOut,charge,balance,sourceId)
					VALUES (#tradeId#,#serialNo#,#fromSerialNo#,#userId#,#tradeType#,#tradeTime#,#inCome#,#payOut#,#charge#,#balance#,#sourceId#)
	</insert>

	<select id="getById" parameterClass="int" resultClass="accountTrade">
		SELECT * FROM accountTrade WHERE tradeId=#tradeId#
	</select>
	
	<select id="getList" parameterClass="hashMap" resultClass="accountTrade">
		SELECT at2.* FROM 
			(SELECT rownum num,at.* FROM 
				(SELECT  * FROM accountTrade  WHERE 
				<isGreaterThan property="userId" compareValue="0">
					userId=#userId# AND 
				</isGreaterThan>
				<isNotEmpty property="unionId">
		    	userId in(select userId from user_login where union_id='$unionId$')  and
			</isNotEmpty>			
				<isNotEmpty property="tradeType">
					tradeType=#tradeType# AND 
				</isNotEmpty>
				<isNotEmpty property="serialNo">
					serialNo=#serialNo# AND 
				</isNotEmpty>
				tradeTime&gt;#startTime# AND  tradeTime&lt;#endTime#  order by  tradeId desc) at 
			WHERE rownum&lt;=#end#) at2
		WHERE at2.num&gt;#start#
	</select>
	
	<select id="getAllList" parameterClass="hashMap" resultClass="accountTrade">
		<![CDATA[ SELECT * FROM accountTrade  ]]>
			<dynamic prepend="WHERE">
			<isGreaterThan prepend="and" property="userId" compareValue="0" >
					<![CDATA[    userId = #userId#  ]]>
			</isGreaterThan>
			<isNotEmpty prepend="and" property="tradeType">
					<![CDATA[    tradeType = #tradeType#  ]]>
			</isNotEmpty>
			<isNotEmpty prepend="and"   property="unionId">
		    		<![CDATA[  userId in(select userId from user_login where union_id='$unionId$')   ]]>
			</isNotEmpty>	
			<isNotEmpty prepend="and" property="serialNo">
					<![CDATA[    serialNo = #serialNo#  ]]>
			</isNotEmpty>
			<isNotNull prepend="and" property="startTime">
					<![CDATA[    tradeTime >= #startTime#  ]]>
			</isNotNull>
			<isNotNull prepend="and" property="endTime">
					<![CDATA[    tradeTime <= #endTime#  ]]>
			</isNotNull>
	     	</dynamic>
			order by tradeId desc 
	</select>

	
	<select id="getCount" parameterClass="hashMap" resultClass="int">
		SELECT COUNT(*) FROM accountTrade WHERE 
		<isGreaterThan property="userId" compareValue="0">
			userId=#userId# AND 
		</isGreaterThan>
		<isNotEmpty property="tradeType">
			tradeType=#tradeType# AND 
		</isNotEmpty>
	<isNotEmpty property="unionId">
		    	userId in(select userId from user_login where union_id='$unionId$')  and
			</isNotEmpty>	
		<isNotEmpty property="serialNo">
			serialNo=#serialNo# AND 
		</isNotEmpty>
		tradeTime&gt;=#startTime# AND tradeTime&lt;=#endTime#
	</select>
	
	<select id="getInComeSum" parameterClass="hashMap" resultClass="double">
		SELECT NVL(SUM(inCome),0) FROM accountTrade WHERE 
		<isGreaterThan property="userId" compareValue="0">
			userId=#userId# AND 
		</isGreaterThan>
		<isNotEmpty property="tradeType">
			tradeType=#tradeType# AND 
		</isNotEmpty>
		<isNotEmpty property="unionId">
		    	userId in(select userId from user_login where union_id='$unionId$')  and
			</isNotEmpty>
		<isNotEmpty property="serialNo">
			serialNo=#serialNo# AND 
		</isNotEmpty>
		tradeTime&gt;=#startTime# AND tradeTime&lt;=#endTime#
	</select>
	
	<select id="getPayOutSum" parameterClass="hashMap" resultClass="double">
		SELECT NVL(SUM(payOut),0) FROM accountTrade WHERE 
		<isGreaterThan property="userId" compareValue="0">
			userId=#userId# AND 
		</isGreaterThan>
		<isNotEmpty property="tradeType">
			tradeType=#tradeType# AND 
		</isNotEmpty>
		<isNotEmpty property="unionId">
		    userId in(select userId from user_login where union_id='$unionId$')  and
			</isNotEmpty>
		<isNotEmpty property="serialNo">
			serialNo=#serialNo# AND 
		</isNotEmpty>
		tradeTime&gt;=#startTime# AND tradeTime&lt;=#endTime#
	</select>
	
	<select id="getJsSellSum"  parameterClass="hashMap" resultClass="double">
	<![CDATA[select nvl(sum(bets),0) from T_CHIPIN_TEMP where status >= 2 ]]>
     	<isGreaterThan property="userId" compareValue="0">
			 AND  userId=#userId#
		</isGreaterThan>
	<isNotEmpty property="unionId">
		    and	userId in(select userId from user_login where union_id='$unionId$')  
			</isNotEmpty>
		<isNotEmpty property="serialNo">
			AND serialNo=#serialNo# 
		</isNotEmpty>
		 <isNotEmpty property="startTime">
    	<![CDATA[  AND voteProccessTime>=#startTime#  ]]>
    	</isNotEmpty>
    	 <isNotEmpty property="endTime">
    	<![CDATA[ AND voteProccessTime<=#endTime#]]>
    	</isNotEmpty>
	</select>
	
	<select id="getWjsSellSum"  parameterClass="hashMap" resultClass="double">
	select nvl(sum(bets),0) from T_CHIPIN_TEMP where status in (0,1) 
     	<isGreaterThan property="userId" compareValue="0">
			 AND  userId=#userId#
		</isGreaterThan>
<isNotEmpty property="unionId">
		    and	userId in(select userId from user_login where union_id='$unionId$')  
			</isNotEmpty>
		<isNotEmpty property="serialNo">
			AND serialNo=#serialNo# 
		</isNotEmpty>
		 <isNotEmpty property="startTime">
    	<![CDATA[  AND voteProccessTime>=#startTime#  ]]>
    	</isNotEmpty>
    	 <isNotEmpty property="endTime">
    	<![CDATA[ AND voteProccessTime<=#endTime#]]>
    	</isNotEmpty>
	</select>
	
	<select id="getSellSum"  parameterClass="hashMap" resultClass="double">
	 select nvl(sum(payout),0)aa from accountTrade where  tradetype  in(
   5002,5006,3002,3081,5030,3006,5034,3010,3079,3019,3005,3078,3080,3082,3001,3099,5010,5022,5001,5018,5038,5014,5026
   )
   	<isGreaterThan property="userId" compareValue="0">
			 AND  userId=#userId#
		</isGreaterThan>
		<isNotEmpty property="tradeType">
			AND  tradeType=#tradeType# 
		</isNotEmpty>
			<isNotEmpty property="unionId">
		    and	userId in(select userId from user_login where union_id='$unionId$')  
			</isNotEmpty>
		<isNotEmpty property="serialNo">
			AND serialNo=#serialNo# 
		</isNotEmpty>
		 <isNotEmpty property="startTime">
    	<![CDATA[  AND tradeTime>=#startTime#  ]]>
    	</isNotEmpty>
    	 <isNotEmpty property="endTime">
    	<![CDATA[ AND tradeTime<=#endTime#]]>
    	</isNotEmpty>
	</select>
	
	<select id="getCancelSum"  parameterClass="hashMap" resultClass="double">
 select nvl(sum(income),0) from accountTrade where  tradetype  in(3040,3054,3031,3045,3033,3047,3034,3048,5015,3066,5016,5007,3070,3065,5008,3037,3051,5031,5032,1008,3039,3053,1009,3036,3050,3032,3046,3042,3056,3035,3049,5023,5024,3030,3044,3069,3064,3041,
 3055,5027,5028,3029,3043,5019,5020,5003,3068,3063,5004,3038,3052,5011,3072,3067,5012,5036,9999)
 
     	<isGreaterThan property="userId" compareValue="0">
			AND userId=#userId# 
		</isGreaterThan>
		<isNotEmpty property="tradeType">
			AND tradeType=#tradeType# 
		</isNotEmpty>
		<isNotEmpty property="serialNo">
			AND serialNo=#serialNo# 
		</isNotEmpty>
			<isNotEmpty property="unionId">
		    and	userId in(select userId from user_login where union_id='$unionId$')  
			</isNotEmpty>
		  <isNotEmpty property="startTime">
    	<![CDATA[  AND tradeTime>=#startTime#  ]]>
    	</isNotEmpty>
    	 <isNotEmpty property="endTime">
    	<![CDATA[ AND tradeTime<=#endTime#]]>
    	</isNotEmpty>
	</select>
	
		<select id="getAwardBetsSum"  parameterClass="hashMap" resultClass="double">
      select nvl(sum(income),0) from accountTrade where  tradetype  in(1006)
     	<isGreaterThan property="userId" compareValue="0">
			AND userId=#userId# 
		</isGreaterThan>
		<isNotEmpty property="tradeType">
			AND tradeType=#tradeType# 
		</isNotEmpty>
		<isNotEmpty property="serialNo">
			AND serialNo=#serialNo# 
		</isNotEmpty>
			<isNotEmpty property="unionId">
		    and	userId in(select userId from user_login where union_id='$unionId$')  
			</isNotEmpty>
		 <isNotEmpty property="startTime">
    	<![CDATA[  AND tradeTime>=#startTime#  ]]>
    	</isNotEmpty>
    	 <isNotEmpty property="endTime">
    	<![CDATA[ AND tradeTime<=#endTime#]]>
    	</isNotEmpty>
	</select>
	
		<select id="getTcAwardBetsSum"  parameterClass="hashMap" resultClass="double">
       select nvl(sum(income),0) from accountTrade where  tradetype  in(6002) 
   	    <isGreaterThan property="userId" compareValue="0">
			AND userId=#userId#
		</isGreaterThan>
		<isNotEmpty property="tradeType">
			 AND tradeType=#tradeType#
		</isNotEmpty>
			<isNotEmpty property="unionId">
		    and	userId in(select userId from user_login where union_id='$unionId$')  
			</isNotEmpty>
		<isNotEmpty property="serialNo">
			 AND serialNo=#serialNo# 
		</isNotEmpty>
	    <isNotEmpty property="startTime">
    	<![CDATA[  AND tradeTime>=#startTime#  ]]>
    	</isNotEmpty>
    	 <isNotEmpty property="endTime">
    	<![CDATA[ AND tradeTime<=#endTime#]]>
    	</isNotEmpty>
	</select>
	
	<select id="getBets1012Sum"  parameterClass="hashMap" resultClass="double">
    select  nvl(sum(bets),0)bets1012 from BETS_LOG where ctype =1012 
      <isNotEmpty property="startTime">
    	<![CDATA[  AND createTime>=#startTime#  ]]>
    	</isNotEmpty>
    	<isNotEmpty property="unionId">
		    and	userId in(select userId from user_login where union_id='$unionId$')  
			</isNotEmpty>
    	 <isNotEmpty property="endTime">
    	<![CDATA[ AND createTime<=#endTime#]]>
    	</isNotEmpty>
	</select>
	
	<select id="getBets6001Sum"  parameterClass="hashMap" resultClass="double">
    select  nvl(sum(bets),0)bets6001 from BETS_LOG where ctype=6001 
       <isNotEmpty property="startTime">
    	<![CDATA[  AND createTime>=#startTime#  ]]>
    	</isNotEmpty>
    	<isNotEmpty property="unionId">
		    and	userId in(select userId from user_login where union_id='$unionId$')  
			</isNotEmpty>
    	 <isNotEmpty property="endTime">
    	<![CDATA[ AND createTime<=#endTime#]]>
    	</isNotEmpty>
	</select>
	
	<select id="getManmagerChongzhiSum"  parameterClass="hashMap" resultClass="double">
	   select nvl(sum(income),0)income1004 from accountTrade where tradetype =1004 
	   <isGreaterThan property="userId" compareValue="0">
			AND userId=#userId# 
		</isGreaterThan>
		<isNotEmpty property="tradeType">
			AND tradeType=#tradeType# 
		</isNotEmpty>
			<isNotEmpty property="unionId">
		    and	userId in(select userId from user_login where union_id='$unionId$')  
			</isNotEmpty>
		<isNotEmpty property="serialNo">
			AND serialNo=#serialNo# 
		</isNotEmpty>

	   <isNotEmpty property="startTime">
    	<![CDATA[  AND tradeTime>=#startTime#  ]]>
    	</isNotEmpty>
    	 <isNotEmpty property="endTime">
    	<![CDATA[ AND tradeTime<=#endTime#]]>
    	</isNotEmpty>
	</select>
	
	<select id="getBankChongzhiSum"  parameterClass="hashMap" resultClass="double">
	   select nvl(sum(income),0)income1013 from accountTrade where tradetype =1013
	   <isGreaterThan property="userId" compareValue="0">
			AND userId=#userId# 
		</isGreaterThan>
		<isNotEmpty property="tradeType">
			AND tradeType=#tradeType# 
		</isNotEmpty>
			<isNotEmpty property="unionId">
		    and	userId in(select userId from user_login where union_id='$unionId$')  
			</isNotEmpty>
		<isNotEmpty property="serialNo">
			AND serialNo=#serialNo# 
		</isNotEmpty>
	   <isNotEmpty property="startTime">
    	<![CDATA[  AND tradeTime>=#startTime#  ]]>
    	</isNotEmpty>
    	 <isNotEmpty property="endTime">
    	<![CDATA[ AND tradeTime<=#endTime#]]>
    	</isNotEmpty>
	</select>

</sqlMap>
