<?xml version="1.0" encoding="UTF-8" ?>

<!DOCTYPE sqlMap PUBLIC "-//ibatis.apache.org//DTD SQL Map 2.0//EN" "http://ibatis.apache.org/dtd/sql-map-2.dtd">

<sqlMap namespace="ActivityDAO">
	<typeAlias alias="hashMap" type="java.util.HashMap" />
	<typeAlias alias="activity"
		type="com.jingCaiBack.model.Activity" />

	<select id="getById" parameterClass="int" resultClass="activity">
		SELECT * FROM activity WHERE activityId=#activityId#
	</select>
	
	<insert id="insert" parameterClass="activity">
		INSERT INTO activity (activityId,name,beginTime,endTime)
					VALUES (#activityId#,#name#,#beginTime#,#endTime#)
	</insert>
	
	<update id="update" parameterClass="activity">
		UPDATE activity SET name=#name#,beginTime=#beginTime#,endTime=#endTime# WHERE activityId=#activityId#
	</update>
	
	<delete id="delete" parameterClass="activity">
		DELETE FROM activity WHERE activityId=#activityId#
	</delete>
	
	<select id="getList" parameterClass="hashMap" resultClass="activity">
		<isGreaterThan property="start" compareValue="-1">
		SELECT a1.* FROM 
			(SELECT rownum num,a.* FROM 
				(
		</isGreaterThan>
		SELECT * FROM activity 
		<isGreaterThan property="start" compareValue="-1">
			) a
			WHERE rownum&lt;=#end#) a1
		WHERE a1.num&gt;#start#
		</isGreaterThan>
	</select>
	
	<select id="getCount" resultClass="int">
		SELECT COUNT(*) FROM activity
	</select>
	
</sqlMap>
