<?xml version="1.0" encoding="UTF-8" ?>

<!DOCTYPE sqlMap PUBLIC "-//ibatis.apache.org//DTD SQL Map 2.0//EN" "http://ibatis.apache.org/dtd/sql-map-2.dtd">

<sqlMap namespace="ChipinTempDAO">
	<typeAlias alias="hashMap" type="java.util.HashMap" />
	<typeAlias alias="chipinTemp"
		type="com.jingCaiBack.model.ChipinTemp" />

	<select id="getById" parameterClass="integer" resultClass="chipinTemp">
		SELECT * FROM t_chipin_temp WHERE tempId=#tempId#
	</select>
	
	<select id="getBySerialNoList" parameterClass="string" resultClass="chipinTemp">
		SELECT spValue,printStatus,NVL(SUM(bets),0) bets FROM t_chipin_temp WHERE serialNo=#serialNo# GROUP BY spValue,printStatus
	</select>
	
	<select id="getByHmfaSerialNoBets" parameterClass="hashMap" resultClass="integer">
		SELECT NVL(SUM(bets),0) FROM t_chipin_temp WHERE serialNo IN 
			(SELECT serialNo FROM hmfa WHERE fqTime&gt;=#startTime# AND fqTime&lt;=#endTime# AND checkStatus=1)
		AND printStatus$sign$1
	</select>
	<select id="getList" parameterClass="hashMap" resultClass="chipinTemp">
	SELECT at2.* FROM 
			(SELECT rownum num,at.* FROM 
				(SELECT * FROM t_chipin_temp WHERE 
				<isGreaterThan property="tempId" compareValue="0">
					tempId=#tempId# AND 
				</isGreaterThan>
				<isNotEmpty property="serialNo">
					serialNo=#serialNo# AND 
				</isNotEmpty>
				<isNotEmpty property="userNickName">
					userNickName=#userNickName# AND 
				</isNotEmpty>
				VOTEPROCCESSTIME &gt;#startTime# AND VOTEPROCCESSTIME &lt;#endTime# order by bets,tempid desc) at 
			WHERE rownum&lt;=#end#) at2
		WHERE at2.num&gt;#start#
	</select>
	
	<select id="getCount" parameterClass="hashMap" resultClass="int">
		SELECT COUNT(*) FROM t_chipin_temp WHERE 
		<isGreaterThan property="tempId" compareValue="0">
					tempId=#tempId# AND 
				</isGreaterThan>
				<isNotEmpty property="serialNo">
					serialNo=#serialNo# AND 
				</isNotEmpty>
				<isNotEmpty property="userNickName">
					userNickName=#userNickName# AND 
				</isNotEmpty>
				VOTEPROCCESSTIME &gt;#startTime# AND VOTEPROCCESSTIME &lt;#endTime# 
	</select>
	
	<update id="updatePrintStatus" parameterClass="hashMap">
		UPDATE t_chipin_temp SET printStatus=1 WHERE serialNo=#serialNo# AND spValue=#spValue# AND printStatus=0
	</update>
	
	<select id="getBets"  parameterClass="hashMap" resultClass="chipinTemp">
		 <![CDATA[ 
		 	select t.TEMPID,t.TEMPAWARDBETS,t.* from hmfa h,t_chipin_temp t  where h.LASTSCREENINGTIME >=#startTime# and h.LASTSCREENINGTIME <=#endTime#  and t.TEMPAWARDBETS>0 and  h.SERIALNO=t.serialno and  h.status=5 and h.awardbets>0 order by h.hmfaid desc
		   ]]>
	</select>
</sqlMap>
