<?xml version="1.0" encoding="UTF-8" ?>

<!DOCTYPE sqlMap PUBLIC "-//ibatis.apache.org//DTD SQL Map 2.0//EN" "http://ibatis.apache.org/dtd/sql-map-2.dtd">

<sqlMap namespace="Core">
	
	<select id="generalSelect" parameterClass="java.util.HashMap"
		resultClass="java.util.HashMap" remapResults="true">
		<![CDATA[
				   $sql$
		]]>
	</select>
	
	<insert id="generalInsert" parameterClass="java.util.HashMap">
		<![CDATA[
	      $sql$
	    ]]>
	</insert>
	
	<update id="generalUpdate" parameterClass="java.util.HashMap">
		<![CDATA[
	      $sql$
	    ]]>
	</update>
	
	<delete id="generalDelete" parameterClass="java.util.HashMap">
		<![CDATA[
	      $sql$
	    ]]>
	</delete>
	
 <parameterMap class="java.util.HashMap" id="pro">
  <parameter property="v_tempid" jdbcType="INTEGER" javaType="java.lang.Long"  mode="IN"/>
  <parameter property="v_money" jdbcType="DECIMAL" javaType="java.math.BigDecimal" mode="IN"/>
 </parameterMap>
 
 <procedure id="getProcedure"   parameterMap="pro">
  {call SHOUDONGCZ(?,?)}
 </procedure>
	
</sqlMap>
