<?xml version="1.0" encoding="UTF-8" ?>

<!DOCTYPE sqlMap PUBLIC "-//ibatis.apache.org//DTD SQL Map 2.0//EN" "http://ibatis.apache.org/dtd/sql-map-2.dtd">

<sqlMap namespace="HmfaDAO">
	<typeAlias alias="hashMap" type="java.util.HashMap" />
	<typeAlias alias="hmfa"
		type="com.jingCaiBack.model.Hmfa" />

	<select id="getById" parameterClass="integer" resultClass="hmfa">
		SELECT * FROM hmfa WHERE hmfaId=#hmfaId#
	</select>
	
	<select id="getBySerialNo" parameterClass="string" resultClass="hmfa">
		SELECT * FROM hmfa WHERE serialNo=#serialNo#
	</select>
	
	<select id="getList" parameterClass="hashMap" resultClass="hmfa">
		SELECT m2.* FROM 
			(SELECT rownum num,m.* FROM 
				(SELECT * FROM hmfa WHERE fqTime&gt;=#startTime# AND fqTime&lt;=#endTime# AND checkStatus=#checkStatus# ORDER BY hmfaId DESC) m 
			WHERE rownum&lt;=#end#) m2
		WHERE m2.num&gt;#start#
	</select>
	
	<select id="getCount" parameterClass="hashMap" resultClass="integer">
		SELECT COUNT(hmfaId) FROM hmfa WHERE fqTime&gt;=#startTime# AND fqTime&lt;=#endTime# AND checkStatus=#checkStatus#
	</select>
	
	<update id="updateCheckStatus" parameterClass="hmfa">
		UPDATE hmfa SET checkStatus=2 WHERE hmfaId=#hmfaId#
	</update>
</sqlMap>
