<?xml version="1.0" encoding="UTF-8" ?>

<!DOCTYPE sqlMap PUBLIC "-//ibatis.apache.org//DTD SQL Map 2.0//EN" "http://ibatis.apache.org/dtd/sql-map-2.dtd">

<sqlMap namespace="MarketAccountDAO">
	<typeAlias alias="hashMap" type="java.util.HashMap" />
	<typeAlias alias="marketAccount"
		type="com.jingCaiBack.model.MarketAccount" />
	<typeAlias alias="marketTotal"
		type="com.jingCaiBack.model.MarketTotal" />

	<insert id="insert" parameterClass="marketAccount">
		<selectKey resultClass="integer" keyProperty="marketId">
			SELECT marketAccount_seq.nextval FROM dual
		</selectKey>
		INSERT INTO marketAccount (marketId,createTime,bet,award,bankCharge,handCharge,betRebate,onLineRebate,carry,schemeRebate,activity,userMoney)
					VALUES (#marketId#,#createTime#,#bet#,#award#,#bankCharge#,#handCharge#,#betRebate#,#onLineRebate#,#carry#,#schemeRebate#,#activity#,#userMoney#)
	</insert>

	<select id="getById" parameterClass="int" resultClass="marketAccount">
		SELECT * FROM marketAccount WHERE marketId=#marketId#
	</select>
	
	<select id="getByCreateTime" parameterClass="long" resultClass="marketAccount">
		SELECT * FROM marketAccount WHERE createTime=#createTime#
	</select>

	<update id="update" parameterClass="marketAccount">
		UPDATE marketAccount SET bet=#bet#,award=#award#,bankCharge=#bankCharge#,handCharge=#handCharge#,betRebate=#betRebate#,onLineRebate=#onLineRebate#,carry=#carry#,schemeRebate=#schemeRebate#,activity=#activity#,userMoney=#userMoney# WHERE marketId=#marketId#
	</update>
	
	<select id="getList" parameterClass="hashMap" resultClass="marketAccount">
		SELECT m2.* FROM 
			(SELECT rownum num,m.* FROM 
				(SELECT * FROM marketAccount WHERE createTime&gt;=#startTime# AND createTime&lt;=#endTime# order by marketId desc) m 
			WHERE rownum&lt;=#end#) m2
		WHERE m2.num&gt;#start#
	</select>
	
	<select id="getMarketTotal" parameterClass="hashMap" resultClass="marketTotal">
		SELECT COUNT(marketId) count,NVL(SUM(bet),0.0) betSum,NVL(SUM(award),0.0) awardSum,NVL(SUM(award),0.0) awardSum,
			NVL(SUM(bankCharge),0.0) bankChargeSum,NVL(SUM(handCharge),0.0) handChargeSum,NVL(SUM(betRebate),0.0) betRebateSum,
			NVL(SUM(onLineRebate),0.0) onLineRebateSum,NVL(SUM(carry),0.0) carrySum,NVL(SUM(userMoney),0.0) userMoneySum,
			NVL(SUM(schemeRebate),0.0) schemeRebateSum,NVL(SUM(activity),0.0) activitySum
		FROM marketAccount WHERE createTime&gt;=#startTime# AND createTime&lt;=#endTime#
	</select>
</sqlMap>
