<?xml version="1.0" encoding="UTF-8" ?>

<!DOCTYPE sqlMap PUBLIC "-//ibatis.apache.org//DTD SQL Map 2.0//EN" "http://ibatis.apache.org/dtd/sql-map-2.dtd">

<sqlMap namespace="UserAccountDAO">
	<typeAlias alias="hashMap" type="java.util.HashMap" />
	<typeAlias alias="userAccount"
		type="com.jingCaiBack.model.UserAccount" />

	<select id="getById" parameterClass="int" resultClass="userAccount">
		SELECT * FROM user_account WHERE userId=#userId#
	</select>
	
	<select id="getTotalMoney" resultClass="double">
		SELECT NVL(SUM(balance)+SUM(awardbets),0) FROM user_account
	</select>
	
	<update id="update" parameterClass="hashMap">
		UPDATE user_account SET balance=balance+#balance#,awardBets=awardBets+#awardBets#,freezedMoney=freezedMoney+#freezedMoney#,version=version+1 WHERE userId=#userId#
	</update>
</sqlMap>
