<?xml version="1.0" encoding="UTF-8" ?>

<!DOCTYPE sqlMap PUBLIC "-//ibatis.apache.org//DTD SQL Map 2.0//EN" "http://ibatis.apache.org/dtd/sql-map-2.dtd">

<sqlMap namespace="UserInfoDAO">
	<typeAlias alias="hashMap" type="java.util.HashMap" />
	<typeAlias alias="userInfo"
		type="com.jingCaiBack.model.UserInfo" />
		
	
	<select id="getUserInfo" parameterClass="java.lang.String"  resultClass="userInfo">
		SELECT idCardNumber,cardAccount,bank,userTel,supermanstatus FROM user_info WHERE userId=#userId#
	</select>
	
		<select id="getList" parameterClass="hashMap"
		resultClass="userInfo">
				<![CDATA[ 
					SELECT * FROM ( 
			SELECT ROW_.*, ROWNUM ROWNUM_ FROM (
			SELECT 
				USER_INFO.userId,
				USER_INFO.userNickName,
				USER_INFO.cardAccount,
				USER_INFO.realName,
				USER_INFO.idCardNumber,
				USER_INFO.userTel,
				USER_INFO.bank,
				USER_INFO.supermanstatus,
				USER_LOGIN.loginTimes,
				USER_LOGIN.union_id
		   FROM USER_INFO Right JOIN USER_LOGIN ON USER_INFO.userId=USER_LOGIN.userId    
		   	    ]]>
		<dynamic prepend="WHERE">
		    <isNotNull prepend="AND" property="supermanstatus">
					<![CDATA[    USER_INFO.supermanstatus = #supermanstatus:VARCHAR#  ]]>
			</isNotNull>
			<isNotNull prepend="AND" property="userNickName">
					<![CDATA[    USER_INFO.userNickName LIKE $userNickName$  ]]>
			</isNotNull>
			<isNotNull prepend="AND" property="unionId">
					<![CDATA[    USER_LOGIN.union_id = $unionId$  ]]>
			</isNotNull>
			<isNotNull prepend="AND" property="realName">
					<![CDATA[    realName LIKE $realName$  ]]>
			</isNotNull>
			 <isEqual prepend="AND" property="idCardNumber" compareValue="0">
			     <![CDATA[    idCardNumber IS  NULL  ]]>
			 </isEqual>
			 <isEqual prepend="AND" property="idCardNumber" compareValue="1">
			       <![CDATA[    idCardNumber IS NOT NULL  ]]>
			 </isEqual>
			 
			 <isEqual prepend="AND" property="userTel" compareValue="0">
			 	<![CDATA[    userTel IS   NULL  ]]>
			 </isEqual>
			 <isEqual prepend="AND" property="userTel" compareValue="1">
			 	<![CDATA[    userTel IS  NOT NULL  ]]>
			 </isEqual>
			<isNotNull prepend="AND" property="bank">
					<![CDATA[    bank LIKE $bank$  ]]>
			</isNotNull>
			<isNotNull prepend="AND" property="cardAccount">
					<![CDATA[    cardAccount like $cardAccount$  ]]>
			</isNotNull>
			<isNotNull prepend="AND" property="loginTimes">
					<![CDATA[    loginTimes >= #loginTimes:NUMERIC#  ]]>
			</isNotNull>
		</dynamic>
		ORDER BY
				<![CDATA[ loginTimes DESC ]]>
		) ROW_
		<dynamic prepend="WHERE">
			<isNotNull prepend="AND" property="endRecNo">
					<![CDATA[    ROWNUM <= #endRecNo:NUMERIC# ]]>
			</isNotNull>
		</dynamic>
		)
		<dynamic prepend="WHERE">
			<isNotNull prepend="AND" property="beginRecNo">
					<![CDATA[    ROWNUM_ >= #beginRecNo:NUMERIC#  ]]>
			</isNotNull>
		</dynamic>
	</select>
	
	<select id="getCount" parameterClass="hashMap"
		resultClass="java.lang.Long">
				<![CDATA[ 
			SELECT 
			count(*) NUM
		   FROM USER_INFO Right JOIN USER_LOGIN ON USER_INFO.userId=USER_LOGIN.userId    
		   	    ]]>
		<dynamic prepend="WHERE">
		
		    <isNotNull prepend="AND" property="supermanstatus">
					<![CDATA[    USER_INFO.supermanstatus = #supermanstatus:VARCHAR#   ]]>
			</isNotNull>
			<isNotNull prepend="AND" property="userNickName">
					<![CDATA[    USER_INFO.userNickName LIKE $userNickName$  ]]>
			</isNotNull>
			<isNotNull prepend="AND" property="realName">
					<![CDATA[    realName LIKE $realName$ ]]>
			</isNotNull>
			 <isEqual prepend="AND" property="idCardNumber" compareValue="0">
			     <![CDATA[    idCardNumber IS  NULL  ]]>
			 </isEqual>
			 <isEqual prepend="AND" property="idCardNumber" compareValue="1">
			       <![CDATA[    idCardNumber IS NOT NULL  ]]>
			 </isEqual>
			 
			 <isEqual prepend="AND" property="userTel" compareValue="0">
			 	<![CDATA[    userTel IS   NULL  ]]>
			 </isEqual>
			 <isEqual prepend="AND" property="userTel" compareValue="1">
			 	<![CDATA[    userTel IS  NOT NULL  ]]>
			 </isEqual>
			<isNotNull prepend="AND" property="bank">
					<![CDATA[    bank LIKE $bank$  ]]>
			</isNotNull>
			<isNotNull prepend="AND" property="cardAccount">
					<![CDATA[    cardAccount like $cardAccount$  ]]>
			</isNotNull>
			<isNotNull prepend="AND" property="loginTimes">
					<![CDATA[    loginTimes >= #loginTimes:NUMERIC#  ]]>
			</isNotNull>
		</dynamic>
	</select>
	
	<select id="getAllList" parameterClass="hashMap" resultClass="userInfo">
	<![CDATA[ 
	    SELECT 
				USER_INFO.userId,
				USER_INFO.userNickName,
				USER_INFO.cardAccount,
				USER_INFO.realName,
				USER_INFO.idCardNumber,
				USER_INFO.userTel,
				USER_INFO.bank,
				USER_INFO.supermanstatus,
				USER_LOGIN.loginTimes,
				nvl(SELLCOUNT.sellUserName,'beikecai')sellUserName
		   FROM USER_INFO Right JOIN USER_LOGIN ON USER_INFO.userId=USER_LOGIN.userId left join sellcount on SELLCOUNT.sellUserId=	USER_INFO.supermanstatus
	]]>
	
	<dynamic prepend="WHERE">
	        <isNotNull prepend="AND" property="supermanstatus">
					<![CDATA[    USER_INFO.supermanstatus = #supermanstatus:VARCHAR#   ]]>
			</isNotNull>
			<isNotNull prepend="AND" property="userNickName">
					<![CDATA[    USER_INFO.userNickName LIKE $userNickName$  ]]>
			</isNotNull>
			<isNotNull prepend="AND" property="realName">
					<![CDATA[    realName LIKE $realName$ ]]>
			</isNotNull>
			 <isEqual prepend="AND" property="idCardNumber" compareValue="0">
			     <![CDATA[    idCardNumber IS  NULL  ]]>
			 </isEqual>
			 <isEqual prepend="AND" property="idCardNumber" compareValue="1">
			       <![CDATA[    idCardNumber IS NOT NULL  ]]>
			 </isEqual>
			 
			 <isEqual prepend="AND" property="userTel" compareValue="0">
			 	<![CDATA[    userTel IS   NULL  ]]>
			 </isEqual>
			 <isEqual prepend="AND" property="userTel" compareValue="1">
			 	<![CDATA[    userTel IS  NOT NULL  ]]>
			 </isEqual>
			<isNotNull prepend="AND" property="bank">
					<![CDATA[    bank LIKE $bank$  ]]>
			</isNotNull>
			<isNotNull prepend="AND" property="cardAccount">
					<![CDATA[    cardAccount like $cardAccount$  ]]>
			</isNotNull>
			<isNotNull prepend="AND" property="loginTimes">
					<![CDATA[    loginTimes >= #loginTimes:NUMERIC#  ]]>
			</isNotNull>
	</dynamic>
	</select>
</sqlMap>
