<?xml version="1.0" encoding="UTF-8" ?>

<!DOCTYPE sqlMap PUBLIC "-//ibatis.apache.org//DTD SQL Map 2.0//EN" "http://ibatis.apache.org/dtd/sql-map-2.dtd">

<sqlMap namespace="UserLoginDAO">
	<typeAlias alias="hashMap" type="java.util.HashMap" />
	<typeAlias alias="userLogin"
		type="com.jingCaiBack.model.UserLogin" />

	<select id="getById" parameterClass="int" resultClass="userLogin">
		SELECT * FROM user_login WHERE loginId=#loginId#
	</select>
	
	<select id="getByUserId" parameterClass="int" resultClass="userLogin">
		SELECT * FROM user_login WHERE userId=#userId#
	</select>
	
	<select id="getByName" parameterClass="string" resultClass="userLogin">
		SELECT * FROM user_login WHERE loginName=#loginName#
	</select>
	
	<select id="getList" parameterClass="hashMap" resultClass="userLogin">
		SELECT u1.* FROM 
			(SELECT rownum num,u.* FROM 
				(SELECT * FROM user_login WHERE type in ($type$)
				<isNotEmpty property="loginName">
					AND loginName LIKE '%$loginName$%'
				</isNotEmpty>
				<isNotEmpty property="activityId">
					AND activityIds LIKE '%$activityId$%'
				</isNotEmpty>
				 AND registerTime&gt;#startTime# AND registerTime&lt;#endTime#
				order by logintimes ,loginId desc 
				) u
			WHERE rownum&lt;=#end#) u1
		WHERE u1.num&gt;#start#
	</select>
	
	<select id="getCount" parameterClass="hashMap" resultClass="int">
		SELECT COUNT(*) FROM user_login WHERE type in ($type$)
			<isNotEmpty property="loginName">
				AND loginName LIKE '%$loginName$%'
			</isNotEmpty>
			<isNotEmpty property="activityId">
				AND activityIds LIKE '%$activityId$%'
			</isNotEmpty>
			    AND registerTime&gt;#startTime# AND registerTime&lt;#endTime#
	</select>
	
	<update id="update" parameterClass="userLogin">
		UPDATE user_login SET type=#type#,activityIds=#activityIds# WHERE loginId=#loginId#
	</update>
	
	<delete id="delete" parameterClass="java.lang.String" >
	       <![CDATA[
	       		 DELETE FROM user_login WHERE loginId = #loginId:VARCHAR#  
	        ]]>
	</delete>
	
</sqlMap>
