<?xml version="1.0" encoding="UTF-8" ?>

<!DOCTYPE sqlMap PUBLIC "-//ibatis.apache.org//DTD SQL Map 2.0//EN" "http://ibatis.apache.org/dtd/sql-map-2.dtd">

<sqlMap namespace="UserRateDAO">
	<typeAlias alias="hashMap" type="java.util.HashMap" />
	<typeAlias alias="userRate"
		type="com.jingCaiBack.model.UserRate" />
	
	<insert id="insert" parameterClass="userRate">
		<selectKey resultClass="integer" keyProperty="user_rateId">
			SELECT user_rate_seq.nextval FROM dual
		</selectKey>
		INSERT INTO User_rate (user_rateId,userId,gameCode,manner,rate,type)
		            VALUES  (#user_rateId#,#userId#,#gameCode#,#manner#,#rate#,#type#)
	</insert>
	
	<select id="getUserRate" parameterClass="hashMap" resultClass="userRate">
		SELECT * FROM user_rate WHERE userId=#userId# AND gameCode=#gameCode# AND manner=#manner# AND type=#type#
	</select>
	
	<select id="getUserRateList" parameterClass="hashMap" resultClass="userRate">
		SELECT * FROM user_rate WHERE userId=#userId# AND manner=#manner# AND type=#type#
	</select>
	
	<select id="getByTypeList" parameterClass="integer" resultClass="userRate">
		SELECT * FROM user_rate WHERE type=#type#
	</select>
	
	<update id="updateRate" parameterClass="userRate">
		UPDATE user_rate SET rate=#rate# WHERE user_rateId=#user_rateId#
	</update>
</sqlMap>
