<?xml version="1.0" encoding="UTF-8"?>
<project-private xmlns="http://www.netbeans.org/ns/project-private/1">
    <editor-bookmarks xmlns="http://www.netbeans.org/ns/editor-bookmarks/2" lastBookmarkId="0"/>
    <open-files xmlns="http://www.netbeans.org/ns/projectui-open-files/2">
        <group>
            <file>file:/G:/NetBeans/PHP/cp/admin/wjinc/admin/index6215742.php</file>
            <file>file:/G:/NetBeans/PHP/cp/xy_inc/xy_default/team/register.php</file>
            <file>file:/G:/NetBeans/PHP/cp/xy_inc/xy_default/index.php</file>
            <file>file:/G:/NetBeans/PHP/cp/xy_inc/xy_default/cash/recharge.php</file>
            <file>file:/G:/NetBeans/PHP/cp/admin/wjinc/admin/bonus/bonus-list.php</file>
            <file>file:/G:/NetBeans/PHP/cp/xy_action/xy_default/User.class.php</file>
            <file>file:/G:/NetBeans/PHP/cp/admin/wjinc/admin/system/settings.php</file>
            <file>file:/G:/NetBeans/PHP/cp/admin/wjinc/admin/count/index.php</file>
            <file>file:/G:/NetBeans/PHP/cp/admin/wjinc/admin/bonus/share-bonus-modal.php</file>
            <file>file:/G:/NetBeans/PHP/cp/admin/wjaction/admin/Commission.class.php</file>
            <file>file:/G:/NetBeans/PHP/cp/skin/main/skins.css</file>
            <file>file:/G:/NetBeans/PHP/cp/admin/wjinc/admin/data/index.php</file>
            <file>file:/G:/NetBeans/PHP/cp/xy_action/xy_default/WebBase.class.php</file>
            <file>file:/G:/NetBeans/PHP/cp/admin/wjinc/admin/data/update-modal.php</file>
            <file>file:/G:/NetBeans/PHP/cp/admin/wjinc/admin/data/add-modal.php</file>
            <file>file:/G:/NetBeans/PHP/cp/xy_action/xy_default/Team.class.php</file>
            <file>file:/G:/NetBeans/PHP/cp/index.php</file>
            <file>file:/G:/NetBeans/PHP/cp/admin/wjinc/admin/commission/loss-list.php</file>
            <file>file:/G:/NetBeans/PHP/cp/admin/wjinc/admin/commission/con-list.php</file>
        </group>
    </open-files>
</project-private>
