<?xml version="1.0" encoding="UTF-8"?>
<!DOCTYPE struts-config PUBLIC "-//Apache Software Foundation//DTD Struts Configuration 1.2//EN" "http://struts.apache.org/dtds/struts-config_1_2.dtd">

<struts-config>
	<constant name="struts.i18n.encoding" value="utf-8" />

	<data-sources />
	<form-beans />
	<global-forwards>
		<forward name="forwordindex" path="LetouBack/main.jsp" />
	</global-forwards>
	<global-forwards />
	<action-mappings>
		<!--联赛管理 -->
		<action path="/leagueMatchAction" type="com.jingCaiBack.action.leagueMatchAction"
			parameter="action">
			<forward name="" redirect="true"
				path="/Letousky/vote/only_upload/onlyUpWrong.jsp" />
		</action>
		<!--对阵管理 -->
		<action path="/vsManageAction" type="com.jingCaiBack.action.vsManageAction"
			parameter="action">
			<forward name="" redirect="true"
				path="/Letousky/vote/only_upload/onlyUpWrong.jsp" />
		</action>
		<!--合买胜平负管理 -->
		<action path="/spfManageAction" type="com.jingCaiBack.action.spfManageAction"
			parameter="action">
			<forward name="" redirect="true"
				path="/Letousky/vote/only_upload/onlyUpWrong.jsp" />
		</action>
		<!--提现充值管理 -->
		<action path="/fztxManageAction" type="com.jingCaiBack.action.fztxManageAction"
			parameter="action">
			<forward name="" redirect="true"
				path="/Letousky/vote/only_upload/onlyUpWrong.jsp" />
		</action>
		<!--出票管理 -->
		<action path="/cpManageAction" type="com.jingCaiBack.action.cpManageAction"
			parameter="action">
			<forward name="" redirect="true"
				path="/Letousky/vote/only_upload/onlyUpWrong.jsp" />
		</action>
		<!--开奖设置 -->
		<action path="/kjManageAction" type="com.jingCaiBack.action.kjManageAction"
			parameter="action">
			<forward name="" redirect="true"
				path="/Letousky/vote/only_upload/onlyUpWrong.jsp" />
		</action>
		<!--活动管理 -->
		<action path="/ActivityManage" type="com.jingCaiBack.action.ActivityManage"
			parameter="action">
			<forward name="" redirect="true"
				path="/Letousky/vote/only_upload/onlyUpWrong.jsp" />
		</action>
		<!--用户管理 -->
		<action path="/userManageAction" type="com.jingCaiBack.action.UserManageAction"
			parameter="action">
			<forward name="" redirect="true"
				path="/Letousky/vote/only_upload/onlyUpWrong.jsp" />
		</action>
		<!--活动管理 -->
		<action path="/activityAction" type="com.jingCaiBack.action.ActivityAction"
			parameter="action">
			<forward name="" redirect="true"
				path="/Letousky/vote/only_upload/onlyUpWrong.jsp" />
		</action>
		<!--财务统计 -->
		<action path="/statisAction" type="com.jingCaiBack.action.StatisAction"
			parameter="action">
			<forward name="" redirect="true"
				path="/Letousky/vote/only_upload/onlyUpWrong.jsp" />
		</action>
		<!--交易记录 -->
		<action path="/accountTradeAction" type="com.jingCaiBack.action.AccountTradeAction"
			parameter="action">
			<forward name="" redirect="true"
				path="/Letousky/vote/only_upload/onlyUpWrong.jsp" />
		</action>
	
		<!--出票监控-->
		<action path="/jianKongAction" type="com.jingCaiBack.action.JianKongAction"
			parameter="action">
			<forward name="success" redirect="false"
				path="/LetouBack/detailPage/jiankong.jsp" />
		</action>
		<!--业务统计-->
		<action path="/sellAction" type="com.jingCaiBack.action.SellAction"
			parameter="action">
			<forward name="success" redirect="false"
				path="/LetouBack/detailPage/sell.jsp" />
		</action>
		<!--出票记录-->
		<action path="/chipinTempAction" type="com.jingCaiBack.action.ChipinTempAction"
			parameter="action">
			<forward name="success"
				path="/LetouBack/detailPage/jiankong.jsp" />
		</action>
		<!--用户记录信息-->
		<action path="/userInfoAction" type="com.jingCaiBack.action.UserInfoAction"
			parameter="action">
			<forward name="success" redirect="true"
				path="/LetouBack/detailPage/jiankong.jsp" />
		</action>
		
			<!--上传excel文件-->
		<action path="/uploadAction" type="com.jingCaiBack.action.ExcelUploadAction" 
			parameter="action">
			<forward name="success"
				path="/LetouBack/detailPage/weipaijiang.jsp" />
		</action>
			<!--派奖查询-->
		<action path="/paijiangAction" type="com.jingCaiBack.action.PaijiangAction" 
			parameter="action">
			<forward name="success"
				path="/LetouBack/detailPage/weipaijiang.jsp" />
		</action>
			<!--查询足球宝贝-->
		<action path="/findGirlAction" type="com.jingCaiBack.action.GirlAction" 
			parameter="action">
			<forward name="success"
				path="/LetouBack/wcupbaby_vote/gril.jsp" />
		</action>
	</action-mappings>
	<message-resources parameter="com.yourcompany.struts.ApplicationResources" />
</struts-config>

